Run,altitude,Assay Type,AvgSpotLen,Bases,BioProject,BioSample,BioSampleModel,Bytes,Center Name,Collection_Date,Consent,DATASTORE filetype,DATASTORE provider,DATASTORE region,Experiment,geo_loc_name_country,geo_loc_name_country_continent,geo_loc_name,Host,Instrument,isolation_source,lat_lon,LATITUDE,Library Name,LibraryLayout,LibrarySelection,LibrarySource,LONGITUDE,Organism,Platform,ReleaseDate,create_date,version,Sample Name,sample.name,SRA Study
SRR25008513,419.26225,WGS,250,6021804500,PRJNA986291,SAMN35823439,Metagenome or environmental,2978650110,"INSTITUTE OF MICROBIOLOGY, CHINESE ACADEMY OF SCIENCES",2014-07-01,public,"sra,fastq,run.zq","ncbi,s3,gs","gs.us-east1,ncbi.public,s3.us-east-1",SRX20763924,uncalculated,uncalculated,not collected,not collected,Illumina HiSeq 2500,not collected,not collected,23.16,10,PAIRED,unspecified,METAGENOMIC,112.51,soil metagenome,ILLUMINA,2023-06-23T00:00:00Z,2023-06-23T20:25:00Z,1,DHS0808,DHS0808,SRP445548
SRR25008514,804.9,WGS,250,5961286250,PRJNA986291,SAMN35823438,Metagenome or environmental,3114392599,"INSTITUTE OF MICROBIOLOGY, CHINESE ACADEMY OF SCIENCES",2014-07-01,public,"run.zq,fastq,sra","gs,ncbi,s3","s3.us-east-1,ncbi.public,gs.us-east1",SRX20763923,uncalculated,uncalculated,not collected,not collected,Illumina HiSeq 2500,not collected,not collected,42.2,9,PAIRED,unspecified,METAGENOMIC,128.53,soil metagenome,ILLUMINA,2023-06-23T00:00:00Z,2023-06-23T20:23:00Z,1,CB2424,CB2424,SRP445548
SRR25008515,767.77,AMPLICON,301,19169153,PRJNA986291,SAMN35823501,Metagenome or environmental,11351865,"INSTITUTE OF MICROBIOLOGY, CHINESE ACADEMY OF SCIENCES",2014-07-01,public,"sra,fastq,run.zq","ncbi,gs,s3","gs.us-east1,ncbi.public,s3.us-east-1",SRX20763922,uncalculated,uncalculated,not collected,not collected,Illumina MiSeq,not collected,not collected,21.61,72,PAIRED,PCR,METAGENOMIC,101.58,soil metagenome,ILLUMINA,2023-06-23T00:00:00Z,2023-06-23T20:19:00Z,1,S125,XS2022,SRP445548
SRR25008516,725.35,AMPLICON,301,18189362,PRJNA986291,SAMN35823500,Metagenome or environmental,10940322,"INSTITUTE OF MICROBIOLOGY, CHINESE ACADEMY OF SCIENCES",2014-07-01,public,"sra,fastq,run.zq","gs,ncbi,s3","s3.us-east-1,gs.us-east1,ncbi.public",SRX20763921,uncalculated,uncalculated,not collected,not collected,Illumina MiSeq,not collected,not collected,21.61,71,PAIRED,PCR,METAGENOMIC,101.58,soil metagenome,ILLUMINA,2023-06-23T00:00:00Z,2023-06-23T20:19:00Z,1,S56,XS0809,SRP445548
SRR25008517,804.24,WGS,250,6394085500,PRJNA986291,SAMN35823437,Metagenome or environmental,3350266431,"INSTITUTE OF MICROBIOLOGY, CHINESE ACADEMY OF SCIENCES",2014-07-01,public,"fastq,run.zq,sra","ncbi,gs,s3","ncbi.public,s3.us-east-1,gs.us-east1",SRX20763920,uncalculated,uncalculated,not collected,not collected,Illumina HiSeq 2500,not collected,not collected,42.2,8,PAIRED,unspecified,METAGENOMIC,128.53,soil metagenome,ILLUMINA,2023-06-23T00:00:00Z,2023-06-23T20:26:00Z,1,CB2009,CB2009,SRP445548
SRR25008518,712.02,AMPLICON,301,10950270,PRJNA986291,SAMN35823499,Metagenome or environmental,6523972,"INSTITUTE OF MICROBIOLOGY, CHINESE ACADEMY OF SCIENCES",2014-07-01,public,"fastq,run.zq,sra","gs,ncbi,s3","gs.us-east1,ncbi.public,s3.us-east-1",SRX20763919,uncalculated,uncalculated,not collected,not collected,Illumina MiSeq,not collected,not collected,21.61,70,PAIRED,PCR,METAGENOMIC,101.58,soil metagenome,ILLUMINA,2023-06-23T00:00:00Z,2023-06-23T20:19:00Z,1,S124,XS0601,SRP445548
SRR25008519,475.104,AMPLICON,301,17605694,PRJNA986291,SAMN35823498,Metagenome or environmental,10478317,"INSTITUTE OF MICROBIOLOGY, CHINESE ACADEMY OF SCIENCES",2014-07-01,public,"sra,fastq,run.zq","gs,ncbi,s3","ncbi.public,gs.us-east1,s3.us-east-1",SRX20763918,uncalculated,uncalculated,not collected,not collected,Illumina MiSeq,not collected,not collected,29.81,69,PAIRED,PCR,METAGENOMIC,121.79,soil metagenome,ILLUMINA,2023-06-23T00:00:00Z,2023-06-23T20:19:00Z,1,S37,TT1419,SRP445548
SRR25008520,341.66425,AMPLICON,301,20423893,PRJNA986291,SAMN35823497,Metagenome or environmental,13747867,"INSTITUTE OF MICROBIOLOGY, CHINESE ACADEMY OF SCIENCES",2014-07-01,public,"fastq,run.zq,sra","ncbi,s3,gs","ncbi.public,s3.us-east-1,gs.us-east1",SRX20763917,uncalculated,uncalculated,not collected,not collected,Illumina MiSeq,not collected,not collected,29.81,68,PAIRED,PCR,METAGENOMIC,121.79,soil metagenome,ILLUMINA,2023-06-23T00:00:00Z,2023-06-23T20:19:00Z,1,S246,TT1201,SRP445548
SRR25008521,384.19875,AMPLICON,301,19818975,PRJNA986291,SAMN35823496,Metagenome or environmental,13404501,"INSTITUTE OF MICROBIOLOGY, CHINESE ACADEMY OF SCIENCES",2014-07-01,public,"fastq,sra,run.zq","s3,gs,ncbi","gs.us-east1,s3.us-east-1,ncbi.public",SRX20763916,uncalculated,uncalculated,not collected,not collected,Illumina MiSeq,not collected,not collected,29.81,67,PAIRED,PCR,METAGENOMIC,121.79,soil metagenome,ILLUMINA,2023-06-23T00:00:00Z,2023-06-23T20:19:00Z,1,S170,TT0302,SRP445548
SRR25008522,255.4795,AMPLICON,301,19131834,PRJNA986291,SAMN35823495,Metagenome or environmental,11446947,"INSTITUTE OF MICROBIOLOGY, CHINESE ACADEMY OF SCIENCES",2014-07-01,public,"sra,run.zq,fastq","gs,s3,ncbi","ncbi.public,gs.us-east1,s3.us-east-1",SRX20763915,uncalculated,uncalculated,not collected,not collected,Illumina MiSeq,not collected,not collected,22.42,66,PAIRED,PCR,METAGENOMIC,106.95,soil metagenome,ILLUMINA,2023-06-23T00:00:00Z,2023-06-23T20:19:00Z,1,S51,NG8,SRP445548
SRR25008523,245.8745,AMPLICON,301,21221014,PRJNA986291,SAMN35823494,Metagenome or environmental,14368394,"INSTITUTE OF MICROBIOLOGY, CHINESE ACADEMY OF SCIENCES",2014-07-01,public,"run.zq,fastq,sra","ncbi,gs,s3","gs.us-east1,ncbi.public,s3.us-east-1",SRX20763914,uncalculated,uncalculated,not collected,not collected,Illumina MiSeq,not collected,not collected,22.42,65,PAIRED,PCR,METAGENOMIC,106.95,soil metagenome,ILLUMINA,2023-06-23T00:00:00Z,2023-06-23T20:19:00Z,1,S155,NG7,SRP445548
SRR25008524,305.2495,AMPLICON,301,13452875,PRJNA986291,SAMN35823493,Metagenome or environmental,7973340,"INSTITUTE OF MICROBIOLOGY, CHINESE ACADEMY OF SCIENCES",2014-07-01,public,"run.zq,fastq,sra","gs,s3,ncbi","s3.us-east-1,ncbi.public,gs.us-east1",SRX20763913,uncalculated,uncalculated,not collected,not collected,Illumina MiSeq,not collected,not collected,22.42,64,PAIRED,PCR,METAGENOMIC,106.95,soil metagenome,ILLUMINA,2023-06-23T00:00:00Z,2023-06-23T20:19:00Z,1,S111,NG14,SRP445548
SRR25008525,485.6524811,AMPLICON,301,18648459,PRJNA986291,SAMN35823492,Metagenome or environmental,11058108,"INSTITUTE OF MICROBIOLOGY, CHINESE ACADEMY OF SCIENCES",2014-07-01,public,"sra,fastq,run.zq","s3,gs,ncbi","s3.us-east-1,ncbi.public,gs.us-east1",SRX20763912,uncalculated,uncalculated,not collected,not collected,Illumina MiSeq,not collected,not collected,47.13,63,PAIRED,PCR,METAGENOMIC,128.81,soil metagenome,ILLUMINA,2023-06-23T00:00:00Z,2023-06-23T20:19:00Z,1,S8,LS9,SRP445548
SRR25008526,475.1455307,AMPLICON,301,23268513,PRJNA986291,SAMN35823491,Metagenome or environmental,13663315,"INSTITUTE OF MICROBIOLOGY, CHINESE ACADEMY OF SCIENCES",2014-07-01,public,"fastq,run.zq,sra","s3,gs,ncbi","gs.us-east1,s3.us-east-1,ncbi.public",SRX20763911,uncalculated,uncalculated,not collected,not collected,Illumina MiSeq,not collected,not collected,47.13,62,PAIRED,PCR,METAGENOMIC,128.81,soil metagenome,ILLUMINA,2023-06-23T00:00:00Z,2023-06-23T20:19:00Z,1,S133,LS15,SRP445548
SRR25008527,482.5171051,AMPLICON,301,15750738,PRJNA986291,SAMN35823490,Metagenome or environmental,9393176,"INSTITUTE OF MICROBIOLOGY, CHINESE ACADEMY OF SCIENCES",2014-07-01,public,"fastq,sra,run.zq","gs,ncbi,s3","s3.us-east-1,gs.us-east1,ncbi.public",SRX20763910,uncalculated,uncalculated,not collected,not collected,Illumina MiSeq,not collected,not collected,47.13,61,PAIRED,PCR,METAGENOMIC,128.81,soil metagenome,ILLUMINA,2023-06-23T00:00:00Z,2023-06-23T20:19:00Z,1,S9,LS11,SRP445548
SRR25008528,794.86,WGS,250,5897110250,PRJNA986291,SAMN35823436,Metagenome or environmental,3013035435,"INSTITUTE OF MICROBIOLOGY, CHINESE ACADEMY OF SCIENCES",2014-07-01,public,"sra,run.zq,fastq","gs,ncbi,s3","s3.us-east-1,ncbi.public,gs.us-east1",SRX20763909,uncalculated,uncalculated,not collected,not collected,Illumina HiSeq 2500,not collected,not collected,42.2,7,PAIRED,unspecified,METAGENOMIC,128.53,soil metagenome,ILLUMINA,2023-06-23T00:00:00Z,2023-06-23T20:54:00Z,1,CB0122,CB0122,SRP445548
SRR25008529,483.07,AMPLICON,301,15764579,PRJNA986291,SAMN35823489,Metagenome or environmental,9391389,"INSTITUTE OF MICROBIOLOGY, CHINESE ACADEMY OF SCIENCES",2014-07-01,public,"run.zq,fastq,sra","gs,ncbi,s3","gs.us-east1,s3.us-east-1,ncbi.public",SRX20763908,uncalculated,uncalculated,not collected,not collected,Illumina MiSeq,not collected,not collected,23.45,60,PAIRED,PCR,METAGENOMIC,111.88,soil metagenome,ILLUMINA,2023-06-23T00:00:00Z,2023-06-23T20:19:00Z,1,S44,HS2325,SRP445548
SRR25008530,535.6,AMPLICON,301,21383882,PRJNA986291,SAMN35823488,Metagenome or environmental,14453653,"INSTITUTE OF MICROBIOLOGY, CHINESE ACADEMY OF SCIENCES",2014-07-01,public,"fastq,run.zq,sra","ncbi,s3,gs","gs.us-east1,ncbi.public,s3.us-east-1",SRX20763907,uncalculated,uncalculated,not collected,not collected,Illumina MiSeq,not collected,not collected,23.45,59,PAIRED,PCR,METAGENOMIC,111.88,soil metagenome,ILLUMINA,2023-06-23T00:00:00Z,2023-06-23T20:19:00Z,1,S171,HS1531,SRP445548
SRR25008531,543.84,AMPLICON,301,15927991,PRJNA986291,SAMN35823487,Metagenome or environmental,9454001,"INSTITUTE OF MICROBIOLOGY, CHINESE ACADEMY OF SCIENCES",2014-07-01,public,"sra,run.zq,fastq","ncbi,gs,s3","ncbi.public,gs.us-east1,s3.us-east-1",SRX20763906,uncalculated,uncalculated,not collected,not collected,Illumina MiSeq,not collected,not collected,23.45,58,PAIRED,PCR,METAGENOMIC,111.88,soil metagenome,ILLUMINA,2023-06-23T00:00:00Z,2023-06-23T20:19:00Z,1,S43,HS1433,SRP445548
SRR25008532,654.1655,AMPLICON,301,22161412,PRJNA986291,SAMN35823486,Metagenome or environmental,14977478,"INSTITUTE OF MICROBIOLOGY, CHINESE ACADEMY OF SCIENCES",2014-07-01,public,"fastq,run.zq,sra","gs,ncbi,s3","ncbi.public,s3.us-east-1,gs.us-east1",SRX20763905,uncalculated,uncalculated,not collected,not collected,Illumina MiSeq,not collected,not collected,29.25,57,PAIRED,PCR,METAGENOMIC,118.12,soil metagenome,ILLUMINA,2023-06-23T00:00:00Z,2023-06-23T20:19:00Z,1,S160,GT2515,SRP445548
SRR25008533,570.35275,AMPLICON,301,17250789,PRJNA986291,SAMN35823485,Metagenome or environmental,11620623,"INSTITUTE OF MICROBIOLOGY, CHINESE ACADEMY OF SCIENCES",2014-07-01,public,"fastq,sra,run.zq","ncbi,gs,s3","ncbi.public,s3.us-east-1,gs.us-east1",SRX20763904,uncalculated,uncalculated,not collected,not collected,Illumina MiSeq,not collected,not collected,29.25,56,PAIRED,PCR,METAGENOMIC,118.12,soil metagenome,ILLUMINA,2023-06-23T00:00:00Z,2023-06-23T20:19:00Z,1,S238,GT0910,SRP445548
SRR25008534,495.92625,AMPLICON,301,21947357,PRJNA986291,SAMN35823484,Metagenome or environmental,14879288,"INSTITUTE OF MICROBIOLOGY, CHINESE ACADEMY OF SCIENCES",2014-07-01,public,"sra,run.zq,fastq","gs,s3,ncbi","gs.us-east1,s3.us-east-1,ncbi.public",SRX20763903,uncalculated,uncalculated,not collected,not collected,Illumina MiSeq,not collected,not collected,29.25,55,PAIRED,PCR,METAGENOMIC,118.12,soil metagenome,ILLUMINA,2023-06-23T00:00:00Z,2023-06-23T20:19:00Z,1,S156,GT0206,SRP445548
SRR25008535,862,AMPLICON,301,22288463,PRJNA986291,SAMN35823483,Metagenome or environmental,13081936,"INSTITUTE OF MICROBIOLOGY, CHINESE ACADEMY OF SCIENCES",2014-07-01,public,"sra,fastq,run.zq","gs,s3,ncbi","ncbi.public,gs.us-east1,s3.us-east-1",SRX20763902,uncalculated,uncalculated,not collected,not collected,Illumina MiSeq,not collected,not collected,50.93,54,PAIRED,PCR,METAGENOMIC,121.52,soil metagenome,ILLUMINA,2023-06-23T00:00:00Z,2023-06-23T20:19:00Z,1,S128,GH4,SRP445548
SRR25008536,880,AMPLICON,301,30543079,PRJNA986291,SAMN35823482,Metagenome or environmental,17921854,"INSTITUTE OF MICROBIOLOGY, CHINESE ACADEMY OF SCIENCES",2014-07-01,public,"run.zq,sra,fastq","gs,s3,ncbi","s3.us-east-1,ncbi.public,gs.us-east1",SRX20763901,uncalculated,uncalculated,not collected,not collected,Illumina MiSeq,not collected,not collected,50.93,53,PAIRED,PCR,METAGENOMIC,121.52,soil metagenome,ILLUMINA,2023-06-23T00:00:00Z,2023-06-23T20:19:00Z,1,S127,GH2,SRP445548
SRR25008537,895,AMPLICON,301,20080701,PRJNA986291,SAMN35823481,Metagenome or environmental,11875269,"INSTITUTE OF MICROBIOLOGY, CHINESE ACADEMY OF SCIENCES",2014-07-01,public,"fastq,run.zq,sra","ncbi,s3,gs","s3.us-east-1,ncbi.public,gs.us-east1",SRX20763900,uncalculated,uncalculated,not collected,not collected,Illumina MiSeq,not collected,not collected,50.93,52,PAIRED,PCR,METAGENOMIC,121.52,soil metagenome,ILLUMINA,2023-06-23T00:00:00Z,2023-06-23T20:19:00Z,1,S126,GH1,SRP445548
SRR25008538,1360,AMPLICON,301,16380034,PRJNA986291,SAMN35823480,Metagenome or environmental,9696973,"INSTITUTE OF MICROBIOLOGY, CHINESE ACADEMY OF SCIENCES",2014-07-01,public,"fastq,sra,run.zq","ncbi,gs,s3","gs.us-east1,s3.us-east-1,ncbi.public",SRX20763899,uncalculated,uncalculated,not collected,not collected,Illumina MiSeq,not collected,not collected,39.63,51,PAIRED,PCR,METAGENOMIC,115.43,soil metagenome,ILLUMINA,2023-06-23T00:00:00Z,2023-06-23T20:19:00Z,1,S141,DL1904,SRP445548
SRR25008539,1598.36745,WGS,250,5712564500,PRJNA986291,SAMN35823435,Metagenome or environmental,2894426630,"INSTITUTE OF MICROBIOLOGY, CHINESE ACADEMY OF SCIENCES",2014-07-01,public,"run.zq,sra,fastq","s3,ncbi,gs","s3.us-east-1,ncbi.public,gs.us-east1",SRX20763898,uncalculated,uncalculated,not collected,not collected,Illumina HiSeq 2500,not collected,not collected,33.49557541,6,PAIRED,unspecified,METAGENOMIC,111.9396875,soil metagenome,ILLUMINA,2023-06-23T00:00:00Z,2023-06-23T21:02:00Z,1,BTM2317,BTM2317,SRP445548
SRR25008540,1320,AMPLICON,301,21151691,PRJNA986291,SAMN35823479,Metagenome or environmental,12859257,"INSTITUTE OF MICROBIOLOGY, CHINESE ACADEMY OF SCIENCES",2014-07-01,public,"fastq,sra,run.zq","gs,s3,ncbi","gs.us-east1,s3.us-east-1,ncbi.public",SRX20763897,uncalculated,uncalculated,not collected,not collected,Illumina MiSeq,not collected,not collected,39.63,50,PAIRED,PCR,METAGENOMIC,115.43,soil metagenome,ILLUMINA,2023-06-23T00:00:00Z,2023-06-23T20:19:00Z,1,S16,DL0906,SRP445548
SRR25008541,1320,AMPLICON,301,19318804,PRJNA986291,SAMN35823478,Metagenome or environmental,11363487,"INSTITUTE OF MICROBIOLOGY, CHINESE ACADEMY OF SCIENCES",2014-07-01,public,"fastq,sra,run.zq","s3,ncbi,gs","ncbi.public,s3.us-east-1,gs.us-east1",SRX20763896,uncalculated,uncalculated,not collected,not collected,Illumina MiSeq,not collected,not collected,39.63,49,PAIRED,PCR,METAGENOMIC,115.43,soil metagenome,ILLUMINA,2023-06-23T00:00:00Z,2023-06-23T20:19:00Z,1,S145,DL0810,SRP445548
SRR25008542,382.775,AMPLICON,301,23352429,PRJNA986291,SAMN35823477,Metagenome or environmental,15779607,"INSTITUTE OF MICROBIOLOGY, CHINESE ACADEMY OF SCIENCES",2014-07-01,public,"fastq,sra,run.zq","ncbi,s3,gs","ncbi.public,s3.us-east-1,gs.us-east1",SRX20763895,uncalculated,uncalculated,not collected,not collected,Illumina MiSeq,not collected,not collected,23.16,48,PAIRED,PCR,METAGENOMIC,112.51,soil metagenome,ILLUMINA,2023-06-23T00:00:00Z,2023-06-23T20:19:00Z,1,S177,DHS0911,SRP445548
SRR25008543,290.465,AMPLICON,301,20871504,PRJNA986291,SAMN35823476,Metagenome or environmental,14138946,"INSTITUTE OF MICROBIOLOGY, CHINESE ACADEMY OF SCIENCES",2014-07-01,public,"sra,run.zq,fastq","ncbi,s3,gs","gs.us-east1,ncbi.public,s3.us-east-1",SRX20763894,uncalculated,uncalculated,not collected,not collected,Illumina MiSeq,not collected,not collected,23.16,47,PAIRED,PCR,METAGENOMIC,112.51,soil metagenome,ILLUMINA,2023-06-23T00:00:00Z,2023-06-23T20:19:00Z,1,S176,DHS0824,SRP445548
SRR25008544,419.26225,AMPLICON,301,23907908,PRJNA986291,SAMN35823475,Metagenome or environmental,16178387,"INSTITUTE OF MICROBIOLOGY, CHINESE ACADEMY OF SCIENCES",2014-07-01,public,"run.zq,fastq,sra","ncbi,s3,gs","s3.us-east-1,gs.us-east1,ncbi.public",SRX20763893,uncalculated,uncalculated,not collected,not collected,Illumina MiSeq,not collected,not collected,23.16,46,PAIRED,PCR,METAGENOMIC,112.51,soil metagenome,ILLUMINA,2023-06-23T00:00:00Z,2023-06-23T20:19:00Z,1,S192,DHS0808,SRP445548
SRR25008545,804.9,AMPLICON,301,19486050,PRJNA986291,SAMN35823474,Metagenome or environmental,11430388,"INSTITUTE OF MICROBIOLOGY, CHINESE ACADEMY OF SCIENCES",2014-07-01,public,"sra,fastq,run.zq","s3,gs,ncbi","ncbi.public,gs.us-east1,s3.us-east-1",SRX20763892,uncalculated,uncalculated,not collected,not collected,Illumina MiSeq,not collected,not collected,42.2,45,PAIRED,PCR,METAGENOMIC,128.53,soil metagenome,ILLUMINA,2023-06-23T00:00:00Z,2023-06-23T20:19:00Z,1,S140,CB2424,SRP445548
SRR25008546,804.24,AMPLICON,301,22327649,PRJNA986291,SAMN35823473,Metagenome or environmental,15053327,"INSTITUTE OF MICROBIOLOGY, CHINESE ACADEMY OF SCIENCES",2014-07-01,public,"run.zq,fastq,sra","ncbi,s3,gs","gs.us-east1,s3.us-east-1,ncbi.public",SRX20763891,uncalculated,uncalculated,not collected,not collected,Illumina MiSeq,not collected,not collected,42.2,44,PAIRED,PCR,METAGENOMIC,128.53,soil metagenome,ILLUMINA,2023-06-23T00:00:00Z,2023-06-23T20:19:00Z,1,S223,CB2009,SRP445548
SRR25008547,794.86,AMPLICON,301,27110844,PRJNA986291,SAMN35823472,Metagenome or environmental,16055467,"INSTITUTE OF MICROBIOLOGY, CHINESE ACADEMY OF SCIENCES",2014-07-01,public,"sra,run.zq,fastq","ncbi,s3,gs","s3.us-east-1,gs.us-east1,ncbi.public",SRX20763890,uncalculated,uncalculated,not collected,not collected,Illumina MiSeq,not collected,not collected,42.2,43,PAIRED,PCR,METAGENOMIC,128.53,soil metagenome,ILLUMINA,2023-06-23T00:00:00Z,2023-06-23T20:19:00Z,1,S136,CB0122,SRP445548
SRR25008548,1598.36745,AMPLICON,301,22742906,PRJNA986291,SAMN35823471,Metagenome or environmental,15302008,"INSTITUTE OF MICROBIOLOGY, CHINESE ACADEMY OF SCIENCES",2014-07-01,public,"sra,run.zq,fastq","ncbi,gs,s3","ncbi.public,s3.us-east-1,gs.us-east1",SRX20763889,uncalculated,uncalculated,not collected,not collected,Illumina MiSeq,not collected,not collected,33.49557541,42,PAIRED,PCR,METAGENOMIC,111.9396875,soil metagenome,ILLUMINA,2023-06-23T00:00:00Z,2023-06-23T20:19:00Z,1,S232,BTM2317,SRP445548
SRR25008549,1630.138025,AMPLICON,301,15663348,PRJNA986291,SAMN35823470,Metagenome or environmental,9263187,"INSTITUTE OF MICROBIOLOGY, CHINESE ACADEMY OF SCIENCES",2014-07-01,public,"run.zq,sra,fastq","ncbi,s3,gs","gs.us-east1,s3.us-east-1,ncbi.public",SRX20763888,uncalculated,uncalculated,not collected,not collected,Illumina MiSeq,not collected,not collected,33.49557541,41,PAIRED,PCR,METAGENOMIC,111.9396875,soil metagenome,ILLUMINA,2023-06-23T00:00:00Z,2023-06-23T20:19:00Z,1,S147,BTM1515,SRP445548
SRR25008550,1630.138025,WGS,250,8270059500,PRJNA986291,SAMN35823434,Metagenome or environmental,4319579048,"INSTITUTE OF MICROBIOLOGY, CHINESE ACADEMY OF SCIENCES",2014-07-01,public,"fastq,run.zq,sra","s3,gs,ncbi","s3.us-east-1,ncbi.public,gs.us-east1",SRX20763887,uncalculated,uncalculated,not collected,not collected,Illumina HiSeq 2500,not collected,not collected,33.49557541,5,PAIRED,unspecified,METAGENOMIC,111.9396875,soil metagenome,ILLUMINA,2023-06-23T00:00:00Z,2023-06-23T20:32:00Z,1,BTM1515,BTM1515,SRP445548
SRR25008551,1682.87095,AMPLICON,301,17493853,PRJNA986291,SAMN35823469,Metagenome or environmental,10335322,"INSTITUTE OF MICROBIOLOGY, CHINESE ACADEMY OF SCIENCES",2014-07-01,public,"sra,run.zq,fastq","ncbi,s3,gs","ncbi.public,gs.us-east1,s3.us-east-1",SRX20763886,uncalculated,uncalculated,not collected,not collected,Illumina MiSeq,not collected,not collected,33.49557541,40,PAIRED,PCR,METAGENOMIC,111.9396875,soil metagenome,ILLUMINA,2023-06-23T00:00:00Z,2023-06-23T20:20:00Z,1,S148,BTM1323,SRP445548
SRR25008552,1415.33,AMPLICON,301,18103744,PRJNA986291,SAMN35823468,Metagenome or environmental,12275614,"INSTITUTE OF MICROBIOLOGY, CHINESE ACADEMY OF SCIENCES",2014-07-01,public,"run.zq,fastq,sra","ncbi,gs,s3","ncbi.public,gs.us-east1,s3.us-east-1",SRX20763885,uncalculated,uncalculated,not collected,not collected,Illumina MiSeq,not collected,not collected,29.77,39,PAIRED,PCR,METAGENOMIC,110.09,soil metagenome,ILLUMINA,2023-06-23T00:00:00Z,2023-06-23T20:20:00Z,1,S161,BD1623,SRP445548
SRR25008553,1453.76,AMPLICON,301,22823929,PRJNA986291,SAMN35823467,Metagenome or environmental,15415976,"INSTITUTE OF MICROBIOLOGY, CHINESE ACADEMY OF SCIENCES",2014-07-01,public,"run.zq,fastq,sra","gs,ncbi,s3","ncbi.public,s3.us-east-1,gs.us-east1",SRX20763884,uncalculated,uncalculated,not collected,not collected,Illumina MiSeq,not collected,not collected,29.77,38,PAIRED,PCR,METAGENOMIC,110.09,soil metagenome,ILLUMINA,2023-06-23T00:00:00Z,2023-06-23T20:19:00Z,1,S163,BD1512,SRP445548
SRR25008554,1436.21,AMPLICON,301,22759787,PRJNA986291,SAMN35823466,Metagenome or environmental,13695808,"INSTITUTE OF MICROBIOLOGY, CHINESE ACADEMY OF SCIENCES",2014-07-01,public,"sra,fastq,run.zq","gs,ncbi,s3","ncbi.public,s3.us-east-1,gs.us-east1",SRX20763883,uncalculated,uncalculated,not collected,not collected,Illumina MiSeq,not collected,not collected,29.77,37,PAIRED,PCR,METAGENOMIC,110.09,soil metagenome,ILLUMINA,2023-06-23T00:00:00Z,2023-06-23T20:19:00Z,1,S95,BD1203,SRP445548
SRR25008555,767.77,WGS,250,5347089750,PRJNA986291,SAMN35823465,Metagenome or environmental,2666910226,"INSTITUTE OF MICROBIOLOGY, CHINESE ACADEMY OF SCIENCES",2014-07-01,public,"run.zq,fastq,sra","gs,ncbi,s3","gs.us-east1,s3.us-east-1,ncbi.public",SRX20763882,uncalculated,uncalculated,not collected,not collected,Illumina HiSeq 2500,not collected,not collected,21.61,36,PAIRED,unspecified,METAGENOMIC,101.58,soil metagenome,ILLUMINA,2023-06-23T00:00:00Z,2023-06-23T20:29:00Z,1,XS2022,XS2022,SRP445548
SRR25008556,725.35,WGS,250,5895188500,PRJNA986291,SAMN35823464,Metagenome or environmental,3050998563,"INSTITUTE OF MICROBIOLOGY, CHINESE ACADEMY OF SCIENCES",2014-07-01,public,"sra,fastq,run.zq","ncbi,gs,s3","ncbi.public,gs.us-east1,s3.us-east-1",SRX20763881,uncalculated,uncalculated,not collected,not collected,Illumina HiSeq 2500,not collected,not collected,21.61,35,PAIRED,unspecified,METAGENOMIC,101.58,soil metagenome,ILLUMINA,2023-06-23T00:00:00Z,2023-06-23T20:26:00Z,1,XS0809,XS0809,SRP445548
SRR25008557,712.02,WGS,250,5946838000,PRJNA986291,SAMN35823463,Metagenome or environmental,3019076847,"INSTITUTE OF MICROBIOLOGY, CHINESE ACADEMY OF SCIENCES",2014-07-01,public,"fastq,sra,run.zq","gs,s3,ncbi","ncbi.public,s3.us-east-1,gs.us-east1",SRX20763880,uncalculated,uncalculated,not collected,not collected,Illumina HiSeq 2500,not collected,not collected,21.61,34,PAIRED,unspecified,METAGENOMIC,101.58,soil metagenome,ILLUMINA,2023-06-23T00:00:00Z,2023-06-23T20:46:00Z,1,XS0601,XS0601,SRP445548
SRR25008558,475.104,WGS,250,5691403000,PRJNA986291,SAMN35823462,Metagenome or environmental,2848603781,"INSTITUTE OF MICROBIOLOGY, CHINESE ACADEMY OF SCIENCES",2014-07-01,public,"sra,fastq,run.zq","gs,s3,ncbi","s3.us-east-1,gs.us-east1,ncbi.public",SRX20763879,uncalculated,uncalculated,not collected,not collected,Illumina HiSeq 2500,not collected,not collected,29.81,33,PAIRED,unspecified,METAGENOMIC,121.79,soil metagenome,ILLUMINA,2023-06-23T00:00:00Z,2023-06-23T20:44:00Z,1,TT1419,TT1419,SRP445548
SRR25008559,341.66425,WGS,250,7515464000,PRJNA986291,SAMN35823461,Metagenome or environmental,3876368598,"INSTITUTE OF MICROBIOLOGY, CHINESE ACADEMY OF SCIENCES",2014-07-01,public,"run.zq,sra,fastq","s3,ncbi,gs","s3.us-east-1,gs.us-east1,ncbi.public",SRX20763878,uncalculated,uncalculated,not collected,not collected,Illumina HiSeq 2500,not collected,not collected,29.81,32,PAIRED,unspecified,METAGENOMIC,121.79,soil metagenome,ILLUMINA,2023-06-23T00:00:00Z,2023-06-23T20:34:00Z,1,TT1201,TT1201,SRP445548
SRR25008560,384.19875,WGS,250,6083585250,PRJNA986291,SAMN35823460,Metagenome or environmental,3087700725,"INSTITUTE OF MICROBIOLOGY, CHINESE ACADEMY OF SCIENCES",2014-07-01,public,"sra,fastq,run.zq","s3,gs,ncbi","ncbi.public,s3.us-east-1,gs.us-east1",SRX20763877,uncalculated,uncalculated,not collected,not collected,Illumina HiSeq 2500,not collected,not collected,29.81,31,PAIRED,unspecified,METAGENOMIC,121.79,soil metagenome,ILLUMINA,2023-06-23T00:00:00Z,2023-06-23T20:23:00Z,1,TT0302,TT0302,SRP445548
SRR25008561,1682.87095,WGS,250,5265939250,PRJNA986291,SAMN35823433,Metagenome or environmental,2652823429,"INSTITUTE OF MICROBIOLOGY, CHINESE ACADEMY OF SCIENCES",2014-07-01,public,"run.zq,sra,fastq","ncbi,s3,gs","s3.us-east-1,ncbi.public,gs.us-east1",SRX20763876,uncalculated,uncalculated,not collected,not collected,Illumina HiSeq 2500,not collected,not collected,33.49557541,4,PAIRED,unspecified,METAGENOMIC,111.9396875,soil metagenome,ILLUMINA,2023-06-23T00:00:00Z,2023-06-23T20:22:00Z,1,BTM1323,BTM1323,SRP445548
SRR25008562,255.4795,WGS,250,5797556250,PRJNA986291,SAMN35823459,Metagenome or environmental,3121433573,"INSTITUTE OF MICROBIOLOGY, CHINESE ACADEMY OF SCIENCES",2014-07-01,public,"fastq,sra,run.zq","s3,gs,ncbi","ncbi.public,gs.us-east1,s3.us-east-1",SRX20763875,uncalculated,uncalculated,not collected,not collected,Illumina HiSeq 2500,not collected,not collected,22.42,30,PAIRED,unspecified,METAGENOMIC,106.95,soil metagenome,ILLUMINA,2023-06-23T00:00:00Z,2023-06-23T20:34:00Z,1,NG8,NG8,SRP445548
SRR25008563,245.8745,WGS,250,5198343000,PRJNA986291,SAMN35823458,Metagenome or environmental,2589624539,"INSTITUTE OF MICROBIOLOGY, CHINESE ACADEMY OF SCIENCES",2014-07-01,public,"fastq,run.zq,sra","s3,ncbi,gs","ncbi.public,s3.us-east-1,gs.us-east1",SRX20763874,uncalculated,uncalculated,not collected,not collected,Illumina HiSeq 2500,not collected,not collected,22.42,29,PAIRED,unspecified,METAGENOMIC,106.95,soil metagenome,ILLUMINA,2023-06-23T00:00:00Z,2023-06-23T20:25:00Z,1,NG7,NG7,SRP445548
SRR25008564,305.2495,WGS,250,6406662500,PRJNA986291,SAMN35823457,Metagenome or environmental,3342020544,"INSTITUTE OF MICROBIOLOGY, CHINESE ACADEMY OF SCIENCES",2014-07-01,public,"run.zq,sra,fastq","gs,s3,ncbi","s3.us-east-1,ncbi.public,gs.us-east1",SRX20763873,uncalculated,uncalculated,not collected,not collected,Illumina HiSeq 2500,not collected,not collected,22.42,28,PAIRED,unspecified,METAGENOMIC,106.95,soil metagenome,ILLUMINA,2023-06-23T00:00:00Z,2023-06-23T20:27:00Z,1,NG14,NG14,SRP445548
SRR25008565,485.6524811,WGS,250,6895443000,PRJNA986291,SAMN35823456,Metagenome or environmental,3549153876,"INSTITUTE OF MICROBIOLOGY, CHINESE ACADEMY OF SCIENCES",2014-07-01,public,"sra,run.zq,fastq","gs,s3,ncbi","ncbi.public,gs.us-east1,s3.us-east-1",SRX20763872,uncalculated,uncalculated,not collected,not collected,Illumina HiSeq 2500,not collected,not collected,47.13,27,PAIRED,unspecified,METAGENOMIC,128.81,soil metagenome,ILLUMINA,2023-06-23T00:00:00Z,2023-06-23T20:26:00Z,1,LS9,LS9,SRP445548
SRR25008566,475.1455307,WGS,250,7324885750,PRJNA986291,SAMN35823455,Metagenome or environmental,3751716797,"INSTITUTE OF MICROBIOLOGY, CHINESE ACADEMY OF SCIENCES",2014-07-01,public,"run.zq,fastq,sra","ncbi,s3,gs","gs.us-east1,s3.us-east-1,ncbi.public",SRX20763871,uncalculated,uncalculated,not collected,not collected,Illumina HiSeq 2500,not collected,not collected,47.13,26,PAIRED,unspecified,METAGENOMIC,128.81,soil metagenome,ILLUMINA,2023-06-23T00:00:00Z,2023-06-23T20:28:00Z,1,LS15,LS15,SRP445548
SRR25008567,482.5171051,WGS,250,5629722500,PRJNA986291,SAMN35823454,Metagenome or environmental,2910195509,"INSTITUTE OF MICROBIOLOGY, CHINESE ACADEMY OF SCIENCES",2014-07-01,public,"fastq,sra,run.zq","gs,ncbi,s3","ncbi.public,s3.us-east-1,gs.us-east1",SRX20763870,uncalculated,uncalculated,not collected,not collected,Illumina HiSeq 2500,not collected,not collected,47.13,25,PAIRED,unspecified,METAGENOMIC,128.81,soil metagenome,ILLUMINA,2023-06-23T00:00:00Z,2023-06-23T20:24:00Z,1,LS11,LS11,SRP445548
SRR25008568,483.07,WGS,250,5835978250,PRJNA986291,SAMN35823453,Metagenome or environmental,2905483382,"INSTITUTE OF MICROBIOLOGY, CHINESE ACADEMY OF SCIENCES",2014-07-01,public,"run.zq,fastq,sra","s3,ncbi,gs","s3.us-east-1,gs.us-east1,ncbi.public",SRX20763869,uncalculated,uncalculated,not collected,not collected,Illumina HiSeq 2500,not collected,not collected,23.45,24,PAIRED,unspecified,METAGENOMIC,111.88,soil metagenome,ILLUMINA,2023-06-23T00:00:00Z,2023-06-23T20:44:00Z,1,HS2325,HS2325,SRP445548
SRR25008569,535.6,WGS,250,6285587000,PRJNA986291,SAMN35823452,Metagenome or environmental,3233188896,"INSTITUTE OF MICROBIOLOGY, CHINESE ACADEMY OF SCIENCES",2014-07-01,public,"run.zq,fastq,sra","gs,ncbi,s3","gs.us-east1,s3.us-east-1,ncbi.public",SRX20763868,uncalculated,uncalculated,not collected,not collected,Illumina HiSeq 2500,not collected,not collected,23.45,23,PAIRED,unspecified,METAGENOMIC,111.88,soil metagenome,ILLUMINA,2023-06-23T00:00:00Z,2023-06-23T20:35:00Z,1,HS1531,HS1531,SRP445548
SRR25008570,543.84,WGS,250,5736313750,PRJNA986291,SAMN35823451,Metagenome or environmental,3035904279,"INSTITUTE OF MICROBIOLOGY, CHINESE ACADEMY OF SCIENCES",2014-07-01,public,"run.zq,fastq,sra","gs,ncbi,s3","ncbi.public,gs.us-east1,s3.us-east-1",SRX20763867,uncalculated,uncalculated,not collected,not collected,Illumina HiSeq 2500,not collected,not collected,23.45,22,PAIRED,unspecified,METAGENOMIC,111.88,soil metagenome,ILLUMINA,2023-06-23T00:00:00Z,2023-06-23T20:24:00Z,1,HS1433,HS1433,SRP445548
SRR25008571,654.1655,WGS,250,6372759750,PRJNA986291,SAMN35823450,Metagenome or environmental,3370453856,"INSTITUTE OF MICROBIOLOGY, CHINESE ACADEMY OF SCIENCES",2014-07-01,public,"run.zq,fastq,sra","s3,gs,ncbi","ncbi.public,gs.us-east1,s3.us-east-1",SRX20763866,uncalculated,uncalculated,not collected,not collected,Illumina HiSeq 2500,not collected,not collected,29.25,21,PAIRED,unspecified,METAGENOMIC,118.12,soil metagenome,ILLUMINA,2023-06-23T00:00:00Z,2023-06-23T20:26:00Z,1,GT2515,GT2515,SRP445548
SRR25008572,1415.33,WGS,250,5117076500,PRJNA986291,SAMN35823432,Metagenome or environmental,2570503715,"INSTITUTE OF MICROBIOLOGY, CHINESE ACADEMY OF SCIENCES",2014-07-01,public,"sra,run.zq,fastq","s3,gs,ncbi","s3.us-east-1,ncbi.public,gs.us-east1",SRX20763865,uncalculated,uncalculated,not collected,not collected,Illumina HiSeq 2500,not collected,not collected,29.77,3,PAIRED,unspecified,METAGENOMIC,110.09,soil metagenome,ILLUMINA,2023-06-23T00:00:00Z,2023-06-23T20:26:00Z,1,BD1623,BD1623,SRP445548
SRR25008573,570.35275,WGS,250,5549335000,PRJNA986291,SAMN35823449,Metagenome or environmental,2819843053,"INSTITUTE OF MICROBIOLOGY, CHINESE ACADEMY OF SCIENCES",2014-07-01,public,"sra,run.zq,fastq","s3,gs,ncbi","gs.us-east1,ncbi.public,s3.us-east-1",SRX20763864,uncalculated,uncalculated,not collected,not collected,Illumina HiSeq 2500,not collected,not collected,29.25,20,PAIRED,unspecified,METAGENOMIC,118.12,soil metagenome,ILLUMINA,2023-06-23T00:00:00Z,2023-06-23T20:24:00Z,1,GT0910,GT0910,SRP445548
SRR25008574,495.92625,WGS,250,5524809000,PRJNA986291,SAMN35823448,Metagenome or environmental,2870073738,"INSTITUTE OF MICROBIOLOGY, CHINESE ACADEMY OF SCIENCES",2014-07-01,public,"sra,run.zq,fastq","s3,gs,ncbi","ncbi.public,gs.us-east1,s3.us-east-1",SRX20763863,uncalculated,uncalculated,not collected,not collected,Illumina HiSeq 2500,not collected,not collected,29.25,19,PAIRED,unspecified,METAGENOMIC,118.12,soil metagenome,ILLUMINA,2023-06-23T00:00:00Z,2023-06-23T20:30:00Z,1,GT0206,GT0206,SRP445548
SRR25008575,862,WGS,250,7558298500,PRJNA986291,SAMN35823447,Metagenome or environmental,3879536876,"INSTITUTE OF MICROBIOLOGY, CHINESE ACADEMY OF SCIENCES",2014-07-01,public,"run.zq,sra,fastq","s3,gs,ncbi","gs.us-east1,ncbi.public,s3.us-east-1",SRX20763862,uncalculated,uncalculated,not collected,not collected,Illumina HiSeq 2500,not collected,not collected,50.93,18,PAIRED,unspecified,METAGENOMIC,121.52,soil metagenome,ILLUMINA,2023-06-23T00:00:00Z,2023-06-23T20:29:00Z,1,GH4,GH4,SRP445548
SRR25008576,880,WGS,250,6113749000,PRJNA986291,SAMN35823446,Metagenome or environmental,3206564944,"INSTITUTE OF MICROBIOLOGY, CHINESE ACADEMY OF SCIENCES",2014-07-01,public,"sra,fastq,run.zq","gs,ncbi,s3","gs.us-east1,ncbi.public,s3.us-east-1",SRX20763861,uncalculated,uncalculated,not collected,not collected,Illumina HiSeq 2500,not collected,not collected,50.93,17,PAIRED,unspecified,METAGENOMIC,121.52,soil metagenome,ILLUMINA,2023-06-23T00:00:00Z,2023-06-23T20:28:00Z,1,GH2,GH2,SRP445548
SRR25008577,895,WGS,250,6110025500,PRJNA986291,SAMN35823445,Metagenome or environmental,3177140562,"INSTITUTE OF MICROBIOLOGY, CHINESE ACADEMY OF SCIENCES",2014-07-01,public,"run.zq,fastq,sra","ncbi,gs,s3","gs.us-east1,s3.us-east-1,ncbi.public",SRX20763860,uncalculated,uncalculated,not collected,not collected,Illumina HiSeq 2500,not collected,not collected,50.93,16,PAIRED,unspecified,METAGENOMIC,121.52,soil metagenome,ILLUMINA,2023-06-23T00:00:00Z,2023-06-23T20:39:00Z,1,GH1,GH1,SRP445548
SRR25008578,1360,WGS,250,5370398500,PRJNA986291,SAMN35823444,Metagenome or environmental,2674564819,"INSTITUTE OF MICROBIOLOGY, CHINESE ACADEMY OF SCIENCES",2014-07-01,public,"run.zq,sra,fastq","ncbi,s3,gs","s3.us-east-1,ncbi.public,gs.us-east1",SRX20763859,uncalculated,uncalculated,not collected,not collected,Illumina HiSeq 2500,not collected,not collected,39.63,15,PAIRED,unspecified,METAGENOMIC,115.43,soil metagenome,ILLUMINA,2023-06-23T00:00:00Z,2023-06-23T20:33:00Z,1,DL1904,DL1904,SRP445548
SRR25008579,1320,WGS,250,6023341750,PRJNA986291,SAMN35823443,Metagenome or environmental,3011907352,"INSTITUTE OF MICROBIOLOGY, CHINESE ACADEMY OF SCIENCES",2014-07-01,public,"run.zq,fastq,sra","s3,gs,ncbi","gs.us-east1,s3.us-east-1,ncbi.public",SRX20763858,uncalculated,uncalculated,not collected,not collected,Illumina HiSeq 2500,not collected,not collected,39.63,14,PAIRED,unspecified,METAGENOMIC,115.43,soil metagenome,ILLUMINA,2023-06-23T00:00:00Z,2023-06-23T20:24:00Z,1,DL0906,DL0906,SRP445548
SRR25008580,1320,WGS,250,5492740750,PRJNA986291,SAMN35823442,Metagenome or environmental,2714754072,"INSTITUTE OF MICROBIOLOGY, CHINESE ACADEMY OF SCIENCES",2014-07-01,public,"run.zq,fastq,sra","gs,ncbi,s3","gs.us-east1,s3.us-east-1,ncbi.public",SRX20763857,uncalculated,uncalculated,not collected,not collected,Illumina HiSeq 2500,not collected,not collected,39.63,13,PAIRED,unspecified,METAGENOMIC,115.43,soil metagenome,ILLUMINA,2023-06-23T00:00:00Z,2023-06-23T20:24:00Z,1,DL0810,DL0810,SRP445548
SRR25008581,382.775,WGS,250,6968951000,PRJNA986291,SAMN35823441,Metagenome or environmental,3686045228,"INSTITUTE OF MICROBIOLOGY, CHINESE ACADEMY OF SCIENCES",2014-07-01,public,"run.zq,fastq,sra","ncbi,s3,gs","s3.us-east-1,ncbi.public,gs.us-east1",SRX20763856,uncalculated,uncalculated,not collected,not collected,Illumina HiSeq 2500,not collected,not collected,23.16,12,PAIRED,unspecified,METAGENOMIC,112.51,soil metagenome,ILLUMINA,2023-06-23T00:00:00Z,2023-06-23T20:25:00Z,1,DHS0911,DHS0911,SRP445548
SRR25008582,290.465,WGS,250,5645867750,PRJNA986291,SAMN35823440,Metagenome or environmental,2823231710,"INSTITUTE OF MICROBIOLOGY, CHINESE ACADEMY OF SCIENCES",2014-07-01,public,"fastq,run.zq,sra","s3,gs,ncbi","gs.us-east1,ncbi.public,s3.us-east-1",SRX20763855,uncalculated,uncalculated,not collected,not collected,Illumina HiSeq 2500,not collected,not collected,23.16,11,PAIRED,unspecified,METAGENOMIC,112.51,soil metagenome,ILLUMINA,2023-06-23T00:00:00Z,2023-06-23T20:26:00Z,1,DHS0824,DHS0824,SRP445548
SRR25008583,1453.76,WGS,250,6235946500,PRJNA986291,SAMN35823431,Metagenome or environmental,3123701218,"INSTITUTE OF MICROBIOLOGY, CHINESE ACADEMY OF SCIENCES",2014-07-01,public,"run.zq,sra,fastq","ncbi,gs,s3","ncbi.public,gs.us-east1,s3.us-east-1",SRX20763854,uncalculated,uncalculated,not collected,not collected,Illumina HiSeq 2500,not collected,not collected,29.77,2,PAIRED,unspecified,METAGENOMIC,110.09,soil metagenome,ILLUMINA,2023-06-23T00:00:00Z,2023-06-23T20:27:00Z,1,BD1512,BD1512,SRP445548
SRR25008584,1436.21,WGS,250,7029083750,PRJNA986291,SAMN35823430,Metagenome or environmental,3745128678,"INSTITUTE OF MICROBIOLOGY, CHINESE ACADEMY OF SCIENCES",2014-07-01,public,"run.zq,sra,fastq","s3,ncbi,gs","gs.us-east1,s3.us-east-1,ncbi.public",SRX20763853,uncalculated,uncalculated,not collected,not collected,Illumina HiSeq 2500,not collected,not collected,29.77,1,PAIRED,unspecified,METAGENOMIC,110.09,soil metagenome,ILLUMINA,2023-06-23T00:00:00Z,2023-06-23T20:28:00Z,1,BD1203,BD1203,SRP445548
